{"initial_reset_timestamp": 1503927843.4573817, "timestamps": [1503927846.7272418, 1503927850.462451, 1503927854.442479, 1503927856.1945047, 1503927857.9688308], "episode_types": ["t", "t", "t", "t", "t", "t"], "episode_lengths": [200, 200, 200, 200, 200], "episode_rewards": [-1063.457780702912, -1676.9440514667576, -952.1260244242226, -1500.4426575629668, -1160.0246110786823]}